"id","hangul","romanization","current_meaning","corrected_meaning","notes"
"w_geot","것","geot","concern","",""
"w_hada","하다","hada","To do","",""
"w_itta","있다","itta","keep","",""
"w_doeda","되다","doeda","to become, to come to be","",""
"w_su","수","su","a move in chess","",""
"w_na","나","na","Me","",""
"w_geu","그","geu","That","",""
"w_eopda","없다","eopda","Do not exist, absent","",""
"w_anta","않다","anta","To not be, to not do","",""
"w_saram","사람","saram","oracle","",""
"w_uri","우리","uri","we,our","",""
"w_i","이","i","this,this thing","",""
"w_anida","아니다","anida","To not be","",""
"w_boda","보다","boda","than","",""
"w_ttae","때","ttae","moment, time, when","",""
"w_geo","거","geo","That thing","",""
"w_gatda","같다","gatda","To be similar","",""
"w_juda","주다","juda","To give, to do for a person","",""
"w_gada","가다","gada","To go","",""
"w_nyeon","년","nyeon","Year","",""
"w_han","한","han","A grudge, rancor","",""
"w_mal","말","mal","man","",""
"w_il","일","il","task","",""
"w_ttaemun","때문","ttaemun","","",""
"w_malhada","말하다","malhada","Speak","",""
"w_geureona","그러나","geureona","but  then","",""
"w_oda","오다","oda","To come","",""
"w_alda","알다","alda","wise","",""
"w_ssi","씨","ssi","Seeds (sow)","",""
"w_geureota","그렇다","geureota","That is right or  yes.","",""
"w_keuda","크다","keuda","To be big, large","",""
"w_tto","또","tto","again","",""
"w_manta","많다","manta","many,much","",""
"w_an","안","an","A plan,proposal,suggestion","",""
"w_jota","좋다","jota","To be good","",""
"w_deo","더","deo","More","",""
"w_batda","받다","batda","catch","",""
"w_geugeot","그것","geugeot","That thing","",""
"w_jip","집","jip","House","",""
"w_naoda","나오다","naoda","to appear in a play or movie","",""
"w_geurigo","그리고","geurigo","And or  and then","",""
"w_munje","문제","munje","case","",""
"w_salda","살다","salda","To live","",""
"w_jeo","저","jeo","polite first person pronoun, me/I","",""
"w_mothada","못하다","mothada","Be inferior, worse than","",""
"w_saenggakada","생각하다","saenggakada","To think","",""
"w_moreuda","모르다","moreuda","To not know","",""
"w_sok","속","sok","The inside","",""
"w_mandeulda","만들다","mandeulda","found","",""
"w_du","두","du","말 斗 (두), the eighth constellation","",""
"w_ap","앞","ap","In front of, before","",""
"w_eotteon","어떤","eotteon","What kind of, what sort of","",""
"w_jal","잘","jal","Well","",""
"w_meokda","먹다","meokda","Go deaf","",""
"w_won","원","won","Goodness! Gracious!","",""
"w_saenggak","생각","saenggak","Thought","",""
"w_eotteota","어떻다","eotteota","how,what.. do you think of","",""
"w_myeong","명","myeong","legend","",""
"w_dasi","다시","dasi","Again","",""
"w_dareun","다른","dareun","","",""
"w_ireon","이런","ireon","Such, like this","",""
"w_yeoja","여자","yeoja","midinette","",""
"w_gae","개","gae","to open","",""
"w_dwi","뒤","dwi","back, rear, reverse","",""
"w_deutda","듣다","deutda","listen to sth, hear sth","",""
"w_da","다","da","All, everything","",""
"w_jom","좀","jom","a  trifle","",""
"w_deulda","들다","deulda","to take in, to bring inside","",""
"w_sipda","싶다","sipda","want,hope","",""
"w_gajida","가지다","gajida","To have or  take or  hold","",""
"w_hamkke","함께","hamkke","Together, with","",""
"w_ai","아이","ai","Oh my god!","",""
"w_mani","많이","mani","A lot","",""
"w_sigan","시간","sigan","Time","",""
"w_neo","너","neo","You","",""
"w_nada","나다","nada","To be born","",""
"w_ireota","이렇다","ireota","Like this","",""
"w_eomeoni","어머니","eomeoni","motherhood","",""
"w_nun","눈","nun","Eyes","",""
"w_mwo","뭐","mwo","Huh? (2) something","",""
"w_daeum","다음","daeum","Next","",""
"w_nugu","누구","nugu","Who","",""
"w_jeon","전","jeon","all,every","",""
"w_got","곳","got","Place","",""
"w_yeoreo","여러","yeoreo","many,various","",""
"w_hana","하나","hana","One","",""
"w_beorida","버리다","beorida","Throw away","",""
"w_wi","위","wi","gizzard","",""
"w_undong","운동","undong","Motion, movement","",""
"w_peosenteu","퍼센트","peosenteu","Percent","",""
"w_hakgyo","학교","hakgyo","School","",""
"w_gajang","가장","gajang","Head of a household","",""
"w_sijakada","시작하다","sijakada","lead","",""
"w_baro","바로","baro","in a jiff","",""
"w_eoneu","어느","eoneu","Some, a certain","",""
"w_geuraeseo","그래서","geuraeseo","And so accordingly","",""
"w_mueot","무엇","mueot","That thing,whatever","",""
"w_modeun","모든","modeun","Every one","",""
"w_beon","번","beon","Number, how many times","",""
"w_geugeo","그거","geugeo","That thing","",""
"w_don","돈","don","Money","",""
"w_geureonde","그런데","geureonde","now  then","",""
"w_nal","날","nal","Day","",""
"w_yeogi","여기","yeogi","finicky in a bad way","",""
"w_modu","모두","modu","everything","",""
"w_chingu","친구","chingu","matey","",""
"w_maeum","마음","maeum","Heart","",""
"w_hu","후","hu","After","",""
"w_nota","놓다","nota","to set free, to liberate","",""
"w_abeoji","아버지","abeoji","Father","",""
"w_namja","남자","namja","Boy","",""
"w_eodi","어디","eodi","Where?","",""
"w_mom","몸","mom","body,physique","",""
"w_eolgul","얼굴","eolgul","Face","",""
"w_deureogada","들어가다","deureogada","walk","",""
"w_wae","왜","wae","Why?","",""
"w_malda","말다","malda","Roll up, convolve","",""
"w_dareuda","다르다","dareuda","Be different","",""
"w_mul","물","mul","the color of something","",""
"w_mannada","만나다","mannada","Meet","",""
"w_naeda","내다","naeda","shed","",""
"w_sseuda","쓰다","sseuda","write","",""
"w_igeot","이것","igeot","This thing","",""
"w_ibeon","이번","ibeon","this time; soon; recently","",""
"w_gil","길","gil","Road","",""
"w_saenghwal","생활","saenghwal","lifestyle,livelihood","",""
"w_jigeum","지금","jigeum","Now","",""
"w_sai","사이","sai","space between 2 points; the relationship between 2 people","",""
"w_urinara","우리나라","urinara","Korea","",""
"w_anda","앉다","anda","light","",""
"w_cheoeum","처음","cheoeum","First","",""
"w_son","손","son","donny","",""
"w_myeot","몇","myeot","A few","",""
"w_geuttae","그때","geuttae","Then or  at that time","",""
"w_chatda","찾다","chatda","search","",""
"w_si","시","si","Poetry, lines of verse","",""
"w_nagada","나가다","nagada","To advance, proceed, go forward","",""
"w_iyagi","이야기","iyagi","song","",""
"w_sada","사다","sada","to incur, to cause to happen to o.s.","",""
"w_ajik","아직","ajik","Still","",""
"w_japda","잡다","japda","catch","",""
"w_gachi","같이","gachi","Together","",""
"w_seonsaengnim","선생님","seonsaengnim","Teacher","",""
"w_seoda","서다","seoda","sleep","",""
"w_mot","못","mot","A nail","",""
"w_yeoksa","역사","yeoksa","the train station building","",""
"w_ikda","읽다","ikda","sense","",""
"w_ije","이제","ije","Now","",""
"w_mullon","물론","mullon","Of course","",""
"w_dongan","동안","dongan","for, through, throughout (a period of time)","",""
"w_chaek","책","chaek","A book","",""
"w_ireonada","일어나다","ireonada","To rise, get up","",""
"w_sijang","시장","sijang","Mayor","",""
"w_neota","넣다","neota","to put/pour/set/insert/thrust/pack/stuff into; to allow or admit in; to count among; to use (a person) as a mediator","",""
"w_jungyohada","중요하다","jungyohada","To be important,weighty","",""
"w_museun","무슨","museun","What, what kind of","",""
"w_eoryeopda","어렵다","eoryeopda","to be hard","",""
"w_him","힘","him","Power","",""
"w_neomu","너무","neomu","Too much","",""
"w_nara","나라","nara","A country","",""
"w_bureuda","부르다","bureuda","To be full","",""
"w_jari","자리","jari","seat,spot","",""
"w_jukda","죽다","jukda","to die","",""
"w_jjok","쪽","jjok","A portion, a side","",""
"w_yaegi","얘기","yaegi","Story","",""
"w_haksaeng","학생","haksaeng","Student","",""
"w_eomma","엄마","eomma","ma","",""
"w_ireum","이름","ireum","forename","",""
"w_naerida","내리다","naerida","lower, bring lower","",""
"w_swipda","쉽다","swipda","To be easy","",""
"w_pillyohada","필요하다","pillyohada","To need","",""
"w_saenggida","생기다","saenggida","arise,occur,happen","",""
"w_sayonghada","사용하다","sayonghada","To use, to use for a specific purpose","",""
"w_nampyeon","남편","nampyeon","Husband","",""
"w_deureooda","들어오다","deureooda","to come into, to go into (a room, place)","",""
"w_bak","밖","bak","The outside","",""
"w_jakda","작다","jakda","Small (in stature) 적다: of small volume","",""
"w_tada","타다","tada","Burn, blaze (firewood)","",""
"w_daehak","대학","daehak","University","",""
"w_gaunde","가운데","gaunde","In the middle","",""
"w_bonaeda","보내다","bonaeda","lead","",""
"w_aju","아주","aju","Extremely","",""
"w_bam","밤","bam","Chestnut","",""
"w_nopda","높다","nopda","High","",""
"w_keompyuteo","컴퓨터","keompyuteo","Computer","",""
"w_meonjeo","먼저","meonjeo","First","",""
"w_danida","다니다","danida","Go to and from a aplace","",""
"w_eolmana","얼마나","eolmana","How many, how much ;  very","",""
"w_yeolda","열다","yeolda","open","",""
"w_meori","머리","meori","acrolith","",""
"w_mutda","묻다","mutda","to Stain","",""
"w_geogi","거기","geogi","There (location)","",""
"w_adeul","아들","adeul","son,baby","",""
"w_a","아","a","Oh dear","",""
"w_gidarida","기다리다","gidarida","To wait","",""
"w_bun","분","bun","Minutes","",""
"w_got_2","곧","got","Soon","",""
"w_oneul","오늘","oneul","Today","",""
"w_seoro","서로","seoro","mutually,one another","",""
"w_igeo","이거","igeo","This thing","",""
